<?xml version="1.0" encoding="UTF-8"?>
<beans xmlns="http://www.springframework.org/schema/beans"
	xmlns:xsi="http://www.w3.org/2001/XMLSchema-instance" xmlns:aop="http://www.springframework.org/schema/aop"
	xmlns:tx="http://www.springframework.org/schema/tx" xmlns:context="http://www.springframework.org/schema/context"
	xsi:schemaLocation="http://www.springframework.org/schema/beans http://www.springframework.org/schema/beans/spring-beans.xsd
		http://www.springframework.org/schema/context http://www.springframework.org/schema/context/spring-context-4.3.xsd
		http://www.springframework.org/schema/aop http://www.springframework.org/schema/aop/spring-aop-4.3.xsd
		http://www.springframework.org/schema/tx http://www.springframework.org/schema/tx/spring-tx-4.3.xsd">

	<!-- <context:property-placeholder location="classpath:db.properties" /> -->
	<!-- 管理 sessionFctory -->
	<bean id="sessionFactory"
		class="org.springframework.orm.hibernate4.LocalSessionFactoryBean">
		<property name="dataSource" ref="dataSource"></property>

		<!-- hbm配置方式 -->
		<!--<property name="mappingDirectoryLocations">
			<list>
				<value>classpath:com/kd/pojo/hbm</value>
			</list>
		</property>-->

		<!-- 注解配置方式 -->
		 <property name="packagesToScan">
		 <list>
		 <value>com.kd.pojo</value>
		 </list>
		 </property>
		<property name="hibernateProperties">
			<props>
				<!--打印SQL -->
				<prop key="hibernate.show_sql">true</prop>
				<prop key="hibernate.hbm2ddl.auto">update</prop>
				<!-- 方言 -->
				<prop key="hibernate.dialect">org.hibernate.dialect.MySQL5InnoDBDialect</prop>
				<!-- 指定session与当前线程绑定 -->
				<prop key="hibernate.current_session_context_class">org.springframework.orm.hibernate4.SpringSessionContext
				</prop>
			</props>
		</property>
	</bean>

	<!-- Spring 配置事务 -->
	<bean id="tm"
		class="org.springframework.orm.hibernate4.HibernateTransactionManager">
		<property name="sessionFactory" ref="sessionFactory" />
	</bean>


	<!-- 配置切面 -->
	<aop:config>
		<aop:pointcut expression="execution(* com.kd.service.impl.*.*(..))"
			id="myPoint" />
		<aop:advisor advice-ref="txAdvice" pointcut-ref="myPoint" />
	</aop:config>

	<!-- 针对不同的方法，使用不同事务 配置 -->
	<tx:advice id="txAdvice" transaction-manager="tm">
		<tx:attributes>
			<!-- 以下两个方法是需要用到事务 的 -->
			<tx:method name="find*" propagation="NOT_SUPPORTED"  read-only="true"/>
			<tx:method name="get*" propagation="NOT_SUPPORTED"  read-only="true" />
<!-- 			<tx:method name="add*" propagation="NOT_SUPPORTED"  read-only="true" /> -->
			<!-- 其它的方法，将只用只读事务 -->
			<tx:method name="*" propagation="REQUIRED" />
		</tx:attributes>
	</tx:advice>


	<!-- 把Hibernate中关于连接数据的信息，移动到Spring配置文件中 -->
	<bean id="dataSource" class="com.mchange.v2.c3p0.ComboPooledDataSource" destroy-method="close">
		<property name="user" value="root"></property>
		<property name="password" value="hh43484"></property>
		<property name="driverClass" value="com.mysql.jdbc.Driver"></property>
		<property name="jdbcUrl" value="jdbc:mysql://localhost:3306/move"></property>
		<property name="minPoolSize" value="1" />
		<property name="maxPoolSize" value="30" />
		<property name="maxIdleTime" value="60" />
		<property name="acquireIncrement" value="5" />
		<property name="initialPoolSize" value="1" />
		<property name="idleConnectionTestPeriod" value="60" />
	</bean>
</beans>
